business_name,website,category,city,state,score,outreach_priority,recommended_offer,audit_quality_score,specific_observation,business_impact,quick_win,mini_audit,paid_offer,send_readiness
Alpine Glow MedSpa,https://www.alpineglowmedspa.com/,Med Spa,Lemoyne,PA,14,Good: send personalized cold email,Homepage + Service Page Refresh,7/7,homepage could sharpen the specific consult path,turn more curious visitors into booked consults,"Rewrite the first screen so it answers three things in under 5 seconds: what you offer, why someone should trust you, and how to book or request a consultation. Then support that with provider credentials, treatment results, client reviews, and clear appointment language.","Mini Website Audit: Alpine Glow MedSpa

1. What is already working
- You already have the core pieces a new visitor needs: a defined service category, a live website, and enough credibility to build from.

2. Main conversion issue
- Homepage could sharpen the specific consult path.
- Why this matters: if a visitor has to work too hard to understand the best next step, they are more likely to bounce, compare options, or put off reaching out.

3. Secondary trust or clarity issue
- Service positioning may be broad across wellness and beauty.
- The page should make provider credentials, treatment results, client reviews, and clear appointment language easier to notice before someone decides whether to book or request a consultation.

4. Quick win
- Rewrite the first screen so it answers three things in under 5 seconds: what you offer, why someone should trust you, and how to book or request a consultation. Then support that with provider credentials, treatment results, client reviews, and clear appointment language.

5. Recommended first fix
- Start with a focused homepage + service page refresh aimed at one outcome: turn more curious visitors into booked consults. This is better than a full redesign right away because it is faster, more affordable, and easier to measure.","Recommended paid offer: Homepage + Service Page Refresh

What I would clean up:
- Clearer homepage headline and opening section
- Stronger call-to-action so visitors know how to book or request a consultation
- Cleaner service positioning and page hierarchy
- Trust proof placed closer to the decision point
- Mobile-first layout recommendations
- Basic SEO title and meta description cleanup

Starting price: $650
Estimated turnaround: 3-5 business days
Best next step: send a short Loom-style walkthrough or 3-point written audit before offering the paid cleanup.",Ready to send
Alesca Aesthetics,https://alescaaesthetics.com/,Med Spa,Lancaster,PA,14,Good: send personalized cold email,Homepage + Service Page Refresh,7/7,copy is descriptive but could be tightened for faster action,turn more curious visitors into booked consults,"Rewrite the first screen so it answers three things in under 5 seconds: what you offer, why someone should trust you, and how to book or request a consultation. Then support that with provider credentials, treatment results, client reviews, and clear appointment language.","Mini Website Audit: Alesca Aesthetics

1. What is already working
- You already have the core pieces a new visitor needs: a defined service category, a live website, and enough credibility to build from.

2. Main conversion issue
- Copy is descriptive but could be tightened for faster action.
- Why this matters: if a visitor has to work too hard to understand the best next step, they are more likely to bounce, compare options, or put off reaching out.

3. Secondary trust or clarity issue
- Mobile/off-site booking instructions may create friction.
- The page should make provider credentials, treatment results, client reviews, and clear appointment language easier to notice before someone decides whether to book or request a consultation.

4. Quick win
- Rewrite the first screen so it answers three things in under 5 seconds: what you offer, why someone should trust you, and how to book or request a consultation. Then support that with provider credentials, treatment results, client reviews, and clear appointment language.

5. Recommended first fix
- Start with a focused homepage + service page refresh aimed at one outcome: turn more curious visitors into booked consults. This is better than a full redesign right away because it is faster, more affordable, and easier to measure.","Recommended paid offer: Homepage + Service Page Refresh

What I would clean up:
- Clearer homepage headline and opening section
- Stronger call-to-action so visitors know how to book or request a consultation
- Cleaner service positioning and page hierarchy
- Trust proof placed closer to the decision point
- Mobile-first layout recommendations
- Basic SEO title and meta description cleanup

Starting price: $650
Estimated turnaround: 3-5 business days
Best next step: send a short Loom-style walkthrough or 3-point written audit before offering the paid cleanup.",Ready to send
VeVe Medspa,https://www.vevemedspa.com/,Med Spa,Hershey,PA,13,Good: send personalized cold email,Homepage + Service Page Refresh,7/7,many service options may create decision fatigue,turn more curious visitors into booked consults,"Rewrite the first screen so it answers three things in under 5 seconds: what you offer, why someone should trust you, and how to book or request a consultation. Then support that with provider credentials, treatment results, client reviews, and clear appointment language.","Mini Website Audit: VeVe Medspa

1. What is already working
- You already have the core pieces a new visitor needs: a defined service category, a live website, and enough credibility to build from.

2. Main conversion issue
- Many service options may create decision fatigue.
- Why this matters: if a visitor has to work too hard to understand the best next step, they are more likely to bounce, compare options, or put off reaching out.

3. Secondary trust or clarity issue
- Booking ctas appear in several places and could be streamlined.
- The page should make provider credentials, treatment results, client reviews, and clear appointment language easier to notice before someone decides whether to book or request a consultation.

4. Quick win
- Rewrite the first screen so it answers three things in under 5 seconds: what you offer, why someone should trust you, and how to book or request a consultation. Then support that with provider credentials, treatment results, client reviews, and clear appointment language.

5. Recommended first fix
- Start with a focused homepage + service page refresh aimed at one outcome: turn more curious visitors into booked consults. This is better than a full redesign right away because it is faster, more affordable, and easier to measure.","Recommended paid offer: Homepage + Service Page Refresh

What I would clean up:
- Clearer homepage headline and opening section
- Stronger call-to-action so visitors know how to book or request a consultation
- Cleaner service positioning and page hierarchy
- Trust proof placed closer to the decision point
- Mobile-first layout recommendations
- Basic SEO title and meta description cleanup

Starting price: $650
Estimated turnaround: 3-5 business days
Best next step: send a short Loom-style walkthrough or 3-point written audit before offering the paid cleanup.",Ready to send
Setzer Aesthetics,https://setzeraesthetics.com/,Med Spa,Harrisburg,PA,13,Good: send personalized cold email,Homepage + Service Page Refresh,7/7,headline appears repeated and generic,turn more curious visitors into booked consults,"Rewrite the first screen so it answers three things in under 5 seconds: what you offer, why someone should trust you, and how to book or request a consultation. Then support that with provider credentials, treatment results, client reviews, and clear appointment language.","Mini Website Audit: Setzer Aesthetics

1. What is already working
- You already have the core pieces a new visitor needs: a defined service category, a live website, and enough credibility to build from.

2. Main conversion issue
- Headline appears repeated and generic.
- Why this matters: if a visitor has to work too hard to understand the best next step, they are more likely to bounce, compare options, or put off reaching out.

3. Secondary trust or clarity issue
- Service categories could be organized into clearer booking paths.
- The page should make provider credentials, treatment results, client reviews, and clear appointment language easier to notice before someone decides whether to book or request a consultation.

4. Quick win
- Rewrite the first screen so it answers three things in under 5 seconds: what you offer, why someone should trust you, and how to book or request a consultation. Then support that with provider credentials, treatment results, client reviews, and clear appointment language.

5. Recommended first fix
- Start with a focused homepage + service page refresh aimed at one outcome: turn more curious visitors into booked consults. This is better than a full redesign right away because it is faster, more affordable, and easier to measure.","Recommended paid offer: Homepage + Service Page Refresh

What I would clean up:
- Clearer homepage headline and opening section
- Stronger call-to-action so visitors know how to book or request a consultation
- Cleaner service positioning and page hierarchy
- Trust proof placed closer to the decision point
- Mobile-first layout recommendations
- Basic SEO title and meta description cleanup

Starting price: $650
Estimated turnaround: 3-5 business days
Best next step: send a short Loom-style walkthrough or 3-point written audit before offering the paid cleanup.",Ready to send
G Nail Bar,https://gnailbar.com/,Nail Salon,Camp Hill,PA,13,Good: send personalized cold email,Homepage + Service Page Refresh,7/7,site appears menu-heavy and could lead with stronger value/booking flow,turn more local browsers into booked appointments,"Rewrite the first screen so it answers three things in under 5 seconds: what you offer, why someone should trust you, and how to book or request a consultation. Then support that with service photos, clear pricing or service menus, reviews, and an easy booking path.","Mini Website Audit: G Nail Bar

1. What is already working
- You already have the core pieces a new visitor needs: a defined service category, a live website, and enough credibility to build from.

2. Main conversion issue
- Site appears menu-heavy and could lead with stronger value/booking flow.
- Why this matters: if a visitor has to work too hard to understand the best next step, they are more likely to bounce, compare options, or put off reaching out.

3. Secondary trust or clarity issue
- Gallery and service menu could be packaged more premium.
- The page should make service photos, clear pricing or service menus, reviews, and an easy booking path easier to notice before someone decides whether to book or request a consultation.

4. Quick win
- Rewrite the first screen so it answers three things in under 5 seconds: what you offer, why someone should trust you, and how to book or request a consultation. Then support that with service photos, clear pricing or service menus, reviews, and an easy booking path.

5. Recommended first fix
- Start with a focused homepage + service page refresh aimed at one outcome: turn more local browsers into booked appointments. This is better than a full redesign right away because it is faster, more affordable, and easier to measure.","Recommended paid offer: Homepage + Service Page Refresh

What I would clean up:
- Clearer homepage headline and opening section
- Stronger call-to-action so visitors know how to book or request a consultation
- Cleaner service positioning and page hierarchy
- Trust proof placed closer to the decision point
- Mobile-first layout recommendations
- Basic SEO title and meta description cleanup

Starting price: $650
Estimated turnaround: 3-5 business days
Best next step: send a short Loom-style walkthrough or 3-point written audit before offering the paid cleanup.",Ready to send
Bellissima Haircuts,https://bellissimahaircuts.com/,Salon,Camp Hill,PA,13,Good: send personalized cold email,Homepage + Service Page Refresh,7/7,homepage is mostly announcement pricing and contact info,turn more local browsers into booked appointments,"Rewrite the first screen so it answers three things in under 5 seconds: what you offer, why someone should trust you, and how to book or request a consultation. Then support that with service photos, clear pricing or service menus, reviews, and an easy booking path.","Mini Website Audit: Bellissima Haircuts

1. What is already working
- You already have the core pieces a new visitor needs: a defined service category, a live website, and enough credibility to build from.

2. Main conversion issue
- Homepage is mostly announcement pricing and contact info.
- Why this matters: if a visitor has to work too hard to understand the best next step, they are more likely to bounce, compare options, or put off reaching out.

3. Secondary trust or clarity issue
- Brand story and booking value could be stronger.
- The page should make service photos, clear pricing or service menus, reviews, and an easy booking path easier to notice before someone decides whether to book or request a consultation.

4. Quick win
- Rewrite the first screen so it answers three things in under 5 seconds: what you offer, why someone should trust you, and how to book or request a consultation. Then support that with service photos, clear pricing or service menus, reviews, and an easy booking path.

5. Recommended first fix
- Start with a focused homepage + service page refresh aimed at one outcome: turn more local browsers into booked appointments. This is better than a full redesign right away because it is faster, more affordable, and easier to measure.","Recommended paid offer: Homepage + Service Page Refresh

What I would clean up:
- Clearer homepage headline and opening section
- Stronger call-to-action so visitors know how to book or request a consultation
- Cleaner service positioning and page hierarchy
- Trust proof placed closer to the decision point
- Mobile-first layout recommendations
- Basic SEO title and meta description cleanup

Starting price: $650
Estimated turnaround: 3-5 business days
Best next step: send a short Loom-style walkthrough or 3-point written audit before offering the paid cleanup.",Ready to send
Sarah M Lynch DMD,https://www.dentistcamphill.com/,Cosmetic Dentist,Camp Hill,PA,13,Good: send personalized cold email,Homepage + Service Page Refresh,7/7,homepage appears sparse and service list driven,make higher-value cosmetic consults feel easier to request,"Rewrite the first screen so it answers three things in under 5 seconds: what you offer, why someone should trust you, and how to book or request a consultation. Then support that with provider credentials, treatment results, client reviews, and clear appointment language.","Mini Website Audit: Sarah M Lynch DMD

1. What is already working
- You already have the core pieces a new visitor needs: a defined service category, a live website, and enough credibility to build from.

2. Main conversion issue
- Homepage appears sparse and service list driven.
- Why this matters: if a visitor has to work too hard to understand the best next step, they are more likely to bounce, compare options, or put off reaching out.

3. Secondary trust or clarity issue
- Consult cta could be more trust-focused.
- The page should make provider credentials, treatment results, client reviews, and clear appointment language easier to notice before someone decides whether to book or request a consultation.

4. Quick win
- Rewrite the first screen so it answers three things in under 5 seconds: what you offer, why someone should trust you, and how to book or request a consultation. Then support that with provider credentials, treatment results, client reviews, and clear appointment language.

5. Recommended first fix
- Start with a focused homepage + service page refresh aimed at one outcome: make higher-value cosmetic consults feel easier to request. This is better than a full redesign right away because it is faster, more affordable, and easier to measure.","Recommended paid offer: Homepage + Service Page Refresh

What I would clean up:
- Clearer homepage headline and opening section
- Stronger call-to-action so visitors know how to book or request a consultation
- Cleaner service positioning and page hierarchy
- Trust proof placed closer to the decision point
- Mobile-first layout recommendations
- Basic SEO title and meta description cleanup

Starting price: $650
Estimated turnaround: 3-5 business days
Best next step: send a short Loom-style walkthrough or 3-point written audit before offering the paid cleanup.",Ready to send
MIKA Interior Design,https://www.mikainteriordesign.com/,Interior Designer,Harrisburg,PA,13,Good: send personalized cold email,Homepage Refresh,7/7,copy has typos and could feel more premium,turn portfolio interest into qualified project inquiries,"Rewrite the first screen so it answers three things in under 5 seconds: what you offer, why someone should trust you, and how to submit an inquiry. Then support that with portfolio proof, before-and-after context, project types, and a clear consultation path.","Mini Website Audit: MIKA Interior Design

1. What is already working
- You already have the core pieces a new visitor needs: a defined service category, a live website, and enough credibility to build from.

2. Main conversion issue
- Copy has typos and could feel more premium.
- Why this matters: if a visitor has to work too hard to understand the best next step, they are more likely to bounce, compare options, or put off reaching out.

3. Secondary trust or clarity issue
- Consultation cta could be stronger above the fold.
- The page should make portfolio proof, before-and-after context, project types, and a clear consultation path easier to notice before someone decides whether to submit an inquiry.

4. Quick win
- Rewrite the first screen so it answers three things in under 5 seconds: what you offer, why someone should trust you, and how to submit an inquiry. Then support that with portfolio proof, before-and-after context, project types, and a clear consultation path.

5. Recommended first fix
- Start with a focused homepage refresh aimed at one outcome: turn portfolio interest into qualified project inquiries. This is better than a full redesign right away because it is faster, more affordable, and easier to measure.","Recommended paid offer: Homepage Refresh

What I would clean up:
- Clearer homepage headline and opening section
- Stronger call-to-action so visitors know how to submit an inquiry
- Cleaner service positioning and page hierarchy
- Trust proof placed closer to the decision point
- Mobile-first layout recommendations
- Basic SEO title and meta description cleanup

Starting price: $650
Estimated turnaround: 3-5 business days
Best next step: send a short Loom-style walkthrough or 3-point written audit before offering the paid cleanup.",Ready to send
Vara Inc,https://varainc.com/,Interior Designer,Mechanicsburg,PA,13,Good: send personalized cold email,Homepage Refresh,7/7,site appears older with many image labels and dense copy,turn portfolio interest into qualified project inquiries,"Rewrite the first screen so it answers three things in under 5 seconds: what you offer, why someone should trust you, and how to submit an inquiry. Then support that with portfolio proof, before-and-after context, project types, and a clear consultation path.","Mini Website Audit: Vara Inc

1. What is already working
- You already have the core pieces a new visitor needs: a defined service category, a live website, and enough credibility to build from.

2. Main conversion issue
- Site appears older with many image labels and dense copy.
- Why this matters: if a visitor has to work too hard to understand the best next step, they are more likely to bounce, compare options, or put off reaching out.

3. Secondary trust or clarity issue
- Consultation path could be clearer and more modern.
- The page should make portfolio proof, before-and-after context, project types, and a clear consultation path easier to notice before someone decides whether to submit an inquiry.

4. Quick win
- Rewrite the first screen so it answers three things in under 5 seconds: what you offer, why someone should trust you, and how to submit an inquiry. Then support that with portfolio proof, before-and-after context, project types, and a clear consultation path.

5. Recommended first fix
- Start with a focused homepage refresh aimed at one outcome: turn portfolio interest into qualified project inquiries. This is better than a full redesign right away because it is faster, more affordable, and easier to measure.","Recommended paid offer: Homepage Refresh

What I would clean up:
- Clearer homepage headline and opening section
- Stronger call-to-action so visitors know how to submit an inquiry
- Cleaner service positioning and page hierarchy
- Trust proof placed closer to the decision point
- Mobile-first layout recommendations
- Basic SEO title and meta description cleanup

Starting price: $650
Estimated turnaround: 3-5 business days
Best next step: send a short Loom-style walkthrough or 3-point written audit before offering the paid cleanup.",Ready to send
7 Layers Health Center,https://7layershc.com/,Esthetician,Lancaster,PA,13,Good: send personalized cold email,Homepage + Service Page Refresh,7/7,service list is broad and could be simplified into clearer treatment paths,turn more curious visitors into booked consults,"Rewrite the first screen so it answers three things in under 5 seconds: what you offer, why someone should trust you, and how to book or request a consultation. Then support that with provider credentials, treatment results, client reviews, and clear appointment language.","Mini Website Audit: 7 Layers Health Center

1. What is already working
- You already have the core pieces a new visitor needs: a defined service category, a live website, and enough credibility to build from.

2. Main conversion issue
- Service list is broad and could be simplified into clearer treatment paths.
- Why this matters: if a visitor has to work too hard to understand the best next step, they are more likely to bounce, compare options, or put off reaching out.

3. Secondary trust or clarity issue
- Booking language could be more direct.
- The page should make provider credentials, treatment results, client reviews, and clear appointment language easier to notice before someone decides whether to book or request a consultation.

4. Quick win
- Rewrite the first screen so it answers three things in under 5 seconds: what you offer, why someone should trust you, and how to book or request a consultation. Then support that with provider credentials, treatment results, client reviews, and clear appointment language.

5. Recommended first fix
- Start with a focused homepage + service page refresh aimed at one outcome: turn more curious visitors into booked consults. This is better than a full redesign right away because it is faster, more affordable, and easier to measure.","Recommended paid offer: Homepage + Service Page Refresh

What I would clean up:
- Clearer homepage headline and opening section
- Stronger call-to-action so visitors know how to book or request a consultation
- Cleaner service positioning and page hierarchy
- Trust proof placed closer to the decision point
- Mobile-first layout recommendations
- Basic SEO title and meta description cleanup

Starting price: $650
Estimated turnaround: 3-5 business days
Best next step: send a short Loom-style walkthrough or 3-point written audit before offering the paid cleanup.",Ready to send
MikCollective Photography,https://www.mikcollectivephotography.com/,Wedding Photographer,Lancaster,PA,13,Good: send personalized cold email,Homepage + Inquiry Flow Refresh,7/7,homepage could strengthen wedding inquiry path,turn portfolio views into wedding or session inquiries,"Rewrite the first screen so it answers three things in under 5 seconds: what you offer, why someone should trust you, and how to submit an inquiry. Then support that with portfolio examples, package direction, testimonials, and a clear inquiry path.","Mini Website Audit: MikCollective Photography

1. What is already working
- You already have the core pieces a new visitor needs: a defined service category, a live website, and enough credibility to build from.

2. Main conversion issue
- Homepage could strengthen wedding inquiry path.
- Why this matters: if a visitor has to work too hard to understand the best next step, they are more likely to bounce, compare options, or put off reaching out.

3. Secondary trust or clarity issue
- Portfolio and lifestyle services may need clearer segmentation.
- The page should make portfolio examples, package direction, testimonials, and a clear inquiry path easier to notice before someone decides whether to submit an inquiry.

4. Quick win
- Rewrite the first screen so it answers three things in under 5 seconds: what you offer, why someone should trust you, and how to submit an inquiry. Then support that with portfolio examples, package direction, testimonials, and a clear inquiry path.

5. Recommended first fix
- Start with a focused homepage + inquiry flow refresh aimed at one outcome: turn portfolio views into wedding or session inquiries. This is better than a full redesign right away because it is faster, more affordable, and easier to measure.","Recommended paid offer: Homepage + Inquiry Flow Refresh

What I would clean up:
- Clearer homepage headline and opening section
- Stronger call-to-action so visitors know how to submit an inquiry
- Cleaner service positioning and page hierarchy
- Trust proof placed closer to the decision point
- Mobile-first layout recommendations
- Basic SEO title and meta description cleanup

Starting price: $650
Estimated turnaround: 3-5 business days
Best next step: send a short Loom-style walkthrough or 3-point written audit before offering the paid cleanup.",Ready to send
MediFresh Med Spa,https://medifreshmedspa.com/,Med Spa,Harrisburg,PA,12,Maybe: send wide outreach,Homepage + Service Page Refresh,7/7,homepage message repeats and could be tightened for faster clarity,turn more curious visitors into booked consults,"Rewrite the first screen so it answers three things in under 5 seconds: what you offer, why someone should trust you, and how to book or request a consultation. Then support that with provider credentials, treatment results, client reviews, and clear appointment language.","Mini Website Audit: MediFresh Med Spa

1. What is already working
- You already have the core pieces a new visitor needs: a defined service category, a live website, and enough credibility to build from.

2. Main conversion issue
- Homepage message repeats and could be tightened for faster clarity.
- Why this matters: if a visitor has to work too hard to understand the best next step, they are more likely to bounce, compare options, or put off reaching out.

3. Secondary trust or clarity issue
- Consult and service paths could be more direct.
- The page should make provider credentials, treatment results, client reviews, and clear appointment language easier to notice before someone decides whether to book or request a consultation.

4. Quick win
- Rewrite the first screen so it answers three things in under 5 seconds: what you offer, why someone should trust you, and how to book or request a consultation. Then support that with provider credentials, treatment results, client reviews, and clear appointment language.

5. Recommended first fix
- Start with a focused homepage + service page refresh aimed at one outcome: turn more curious visitors into booked consults. This is better than a full redesign right away because it is faster, more affordable, and easier to measure.","Recommended paid offer: Homepage + Service Page Refresh

What I would clean up:
- Clearer homepage headline and opening section
- Stronger call-to-action so visitors know how to book or request a consultation
- Cleaner service positioning and page hierarchy
- Trust proof placed closer to the decision point
- Mobile-first layout recommendations
- Basic SEO title and meta description cleanup

Starting price: $650
Estimated turnaround: 3-5 business days
Best next step: send a short Loom-style walkthrough or 3-point written audit before offering the paid cleanup.",Ready to send
Phoenix Salon,https://www.phoenixsalonllc.com/,Salon,Camp Hill,PA,12,Maybe: send wide outreach,Homepage + Service Page Refresh,7/7,homepage message appears broad and could be more specific,turn more local browsers into booked appointments,"Rewrite the first screen so it answers three things in under 5 seconds: what you offer, why someone should trust you, and how to book or request a consultation. Then support that with service photos, clear pricing or service menus, reviews, and an easy booking path.","Mini Website Audit: Phoenix Salon

1. What is already working
- You already have the core pieces a new visitor needs: a defined service category, a live website, and enough credibility to build from.

2. Main conversion issue
- Homepage message appears broad and could be more specific.
- Why this matters: if a visitor has to work too hard to understand the best next step, they are more likely to bounce, compare options, or put off reaching out.

3. Secondary trust or clarity issue
- Service/booking flow could be made more conversion-focused.
- The page should make service photos, clear pricing or service menus, reviews, and an easy booking path easier to notice before someone decides whether to book or request a consultation.

4. Quick win
- Rewrite the first screen so it answers three things in under 5 seconds: what you offer, why someone should trust you, and how to book or request a consultation. Then support that with service photos, clear pricing or service menus, reviews, and an easy booking path.

5. Recommended first fix
- Start with a focused homepage + service page refresh aimed at one outcome: turn more local browsers into booked appointments. This is better than a full redesign right away because it is faster, more affordable, and easier to measure.","Recommended paid offer: Homepage + Service Page Refresh

What I would clean up:
- Clearer homepage headline and opening section
- Stronger call-to-action so visitors know how to book or request a consultation
- Cleaner service positioning and page hierarchy
- Trust proof placed closer to the decision point
- Mobile-first layout recommendations
- Basic SEO title and meta description cleanup

Starting price: $650
Estimated turnaround: 3-5 business days
Best next step: send a short Loom-style walkthrough or 3-point written audit before offering the paid cleanup.",Ready to send
Artistry Salon & Day Spa,https://www.artistry-salon.com/,Salon and Day Spa,Mechanicsburg,PA,12,Maybe: send wide outreach,Homepage + Service Page Refresh,7/7,site likely needs service hierarchy for salon versus special event services,turn more local browsers into booked appointments,"Rewrite the first screen so it answers three things in under 5 seconds: what you offer, why someone should trust you, and how to book or request a consultation. Then support that with service photos, clear pricing or service menus, reviews, and an easy booking path.","Mini Website Audit: Artistry Salon & Day Spa

1. What is already working
- You already have the core pieces a new visitor needs: a defined service category, a live website, and enough credibility to build from.

2. Main conversion issue
- Site likely needs service hierarchy for salon versus special event services.
- Why this matters: if a visitor has to work too hard to understand the best next step, they are more likely to bounce, compare options, or put off reaching out.

3. Secondary trust or clarity issue
- Booking cta could be made more prominent by service.
- The page should make service photos, clear pricing or service menus, reviews, and an easy booking path easier to notice before someone decides whether to book or request a consultation.

4. Quick win
- Rewrite the first screen so it answers three things in under 5 seconds: what you offer, why someone should trust you, and how to book or request a consultation. Then support that with service photos, clear pricing or service menus, reviews, and an easy booking path.

5. Recommended first fix
- Start with a focused homepage + service page refresh aimed at one outcome: turn more local browsers into booked appointments. This is better than a full redesign right away because it is faster, more affordable, and easier to measure.","Recommended paid offer: Homepage + Service Page Refresh

What I would clean up:
- Clearer homepage headline and opening section
- Stronger call-to-action so visitors know how to book or request a consultation
- Cleaner service positioning and page hierarchy
- Trust proof placed closer to the decision point
- Mobile-first layout recommendations
- Basic SEO title and meta description cleanup

Starting price: $650
Estimated turnaround: 3-5 business days
Best next step: send a short Loom-style walkthrough or 3-point written audit before offering the paid cleanup.",Ready to send
Gordner Prosthodontics,https://www.gordnerprosthodontics.com/,Cosmetic Dentist,Camp Hill,PA,12,Maybe: send wide outreach,Homepage Refresh,7/7,homepage copy is long and traditional,make higher-value cosmetic consults feel easier to request,"Rewrite the first screen so it answers three things in under 5 seconds: what you offer, why someone should trust you, and how to book or request a consultation. Then support that with provider credentials, treatment results, client reviews, and clear appointment language.","Mini Website Audit: Gordner Prosthodontics

1. What is already working
- You already have the core pieces a new visitor needs: a defined service category, a live website, and enough credibility to build from.

2. Main conversion issue
- Homepage copy is long and traditional.
- Why this matters: if a visitor has to work too hard to understand the best next step, they are more likely to bounce, compare options, or put off reaching out.

3. Secondary trust or clarity issue
- Consult request path could feel more modern and trust-building.
- The page should make provider credentials, treatment results, client reviews, and clear appointment language easier to notice before someone decides whether to book or request a consultation.

4. Quick win
- Rewrite the first screen so it answers three things in under 5 seconds: what you offer, why someone should trust you, and how to book or request a consultation. Then support that with provider credentials, treatment results, client reviews, and clear appointment language.

5. Recommended first fix
- Start with a focused homepage refresh aimed at one outcome: make higher-value cosmetic consults feel easier to request. This is better than a full redesign right away because it is faster, more affordable, and easier to measure.","Recommended paid offer: Homepage Refresh

What I would clean up:
- Clearer homepage headline and opening section
- Stronger call-to-action so visitors know how to book or request a consultation
- Cleaner service positioning and page hierarchy
- Trust proof placed closer to the decision point
- Mobile-first layout recommendations
- Basic SEO title and meta description cleanup

Starting price: $650
Estimated turnaround: 3-5 business days
Best next step: send a short Loom-style walkthrough or 3-point written audit before offering the paid cleanup.",Ready to send
Eve's Photography,https://www.evesphotography48.com/,Wedding Photographer,Lancaster,PA,12,Maybe: send wide outreach,Homepage + Inquiry Flow Refresh,7/7,wedding and portrait offers may need clearer inquiry separation,turn portfolio views into wedding or session inquiries,"Rewrite the first screen so it answers three things in under 5 seconds: what you offer, why someone should trust you, and how to submit an inquiry. Then support that with portfolio examples, package direction, testimonials, and a clear inquiry path.","Mini Website Audit: Eve's Photography

1. What is already working
- You already have the core pieces a new visitor needs: a defined service category, a live website, and enough credibility to build from.

2. Main conversion issue
- Wedding and portrait offers may need clearer inquiry separation.
- Why this matters: if a visitor has to work too hard to understand the best next step, they are more likely to bounce, compare options, or put off reaching out.

3. Secondary trust or clarity issue
- Homepage could make ideal client and package path clearer.
- The page should make portfolio examples, package direction, testimonials, and a clear inquiry path easier to notice before someone decides whether to submit an inquiry.

4. Quick win
- Rewrite the first screen so it answers three things in under 5 seconds: what you offer, why someone should trust you, and how to submit an inquiry. Then support that with portfolio examples, package direction, testimonials, and a clear inquiry path.

5. Recommended first fix
- Start with a focused homepage + inquiry flow refresh aimed at one outcome: turn portfolio views into wedding or session inquiries. This is better than a full redesign right away because it is faster, more affordable, and easier to measure.","Recommended paid offer: Homepage + Inquiry Flow Refresh

What I would clean up:
- Clearer homepage headline and opening section
- Stronger call-to-action so visitors know how to submit an inquiry
- Cleaner service positioning and page hierarchy
- Trust proof placed closer to the decision point
- Mobile-first layout recommendations
- Basic SEO title and meta description cleanup

Starting price: $650
Estimated turnaround: 3-5 business days
Best next step: send a short Loom-style walkthrough or 3-point written audit before offering the paid cleanup.",Ready to send
