niche,area,query,google_search_url
med spa,Hershey PA,med spa Hershey PA website book online,https://www.google.com/search?q=med+spa+Hershey+PA+website+book+online
esthetician,Hershey PA,esthetician Hershey PA website book online,https://www.google.com/search?q=esthetician+Hershey+PA+website+book+online
salon,Hershey PA,salon Hershey PA website book online,https://www.google.com/search?q=salon+Hershey+PA+website+book+online
day spa,Hershey PA,day spa Hershey PA website book online,https://www.google.com/search?q=day+spa+Hershey+PA+website+book+online
cosmetic dentist,Hershey PA,cosmetic dentist Hershey PA website book online,https://www.google.com/search?q=cosmetic+dentist+Hershey+PA+website+book+online
interior designer,Hershey PA,interior designer Hershey PA website book online,https://www.google.com/search?q=interior+designer+Hershey+PA+website+book+online
wedding photographer,Hershey PA,wedding photographer Hershey PA website book online,https://www.google.com/search?q=wedding+photographer+Hershey+PA+website+book+online
wedding planner,Hershey PA,wedding planner Hershey PA website book online,https://www.google.com/search?q=wedding+planner+Hershey+PA+website+book+online
boutique fitness studio,Hershey PA,boutique fitness studio Hershey PA website book online,https://www.google.com/search?q=boutique+fitness+studio+Hershey+PA+website+book+online
chiropractor,Hershey PA,chiropractor Hershey PA website book online,https://www.google.com/search?q=chiropractor+Hershey+PA+website+book+online
med spa,Harrisburg PA,med spa Harrisburg PA website book online,https://www.google.com/search?q=med+spa+Harrisburg+PA+website+book+online
esthetician,Harrisburg PA,esthetician Harrisburg PA website book online,https://www.google.com/search?q=esthetician+Harrisburg+PA+website+book+online
salon,Harrisburg PA,salon Harrisburg PA website book online,https://www.google.com/search?q=salon+Harrisburg+PA+website+book+online
day spa,Harrisburg PA,day spa Harrisburg PA website book online,https://www.google.com/search?q=day+spa+Harrisburg+PA+website+book+online
cosmetic dentist,Harrisburg PA,cosmetic dentist Harrisburg PA website book online,https://www.google.com/search?q=cosmetic+dentist+Harrisburg+PA+website+book+online
interior designer,Harrisburg PA,interior designer Harrisburg PA website book online,https://www.google.com/search?q=interior+designer+Harrisburg+PA+website+book+online
wedding photographer,Harrisburg PA,wedding photographer Harrisburg PA website book online,https://www.google.com/search?q=wedding+photographer+Harrisburg+PA+website+book+online
wedding planner,Harrisburg PA,wedding planner Harrisburg PA website book online,https://www.google.com/search?q=wedding+planner+Harrisburg+PA+website+book+online
boutique fitness studio,Harrisburg PA,boutique fitness studio Harrisburg PA website book online,https://www.google.com/search?q=boutique+fitness+studio+Harrisburg+PA+website+book+online
chiropractor,Harrisburg PA,chiropractor Harrisburg PA website book online,https://www.google.com/search?q=chiropractor+Harrisburg+PA+website+book+online
med spa,Camp Hill PA,med spa Camp Hill PA website book online,https://www.google.com/search?q=med+spa+Camp+Hill+PA+website+book+online
esthetician,Camp Hill PA,esthetician Camp Hill PA website book online,https://www.google.com/search?q=esthetician+Camp+Hill+PA+website+book+online
salon,Camp Hill PA,salon Camp Hill PA website book online,https://www.google.com/search?q=salon+Camp+Hill+PA+website+book+online
day spa,Camp Hill PA,day spa Camp Hill PA website book online,https://www.google.com/search?q=day+spa+Camp+Hill+PA+website+book+online
cosmetic dentist,Camp Hill PA,cosmetic dentist Camp Hill PA website book online,https://www.google.com/search?q=cosmetic+dentist+Camp+Hill+PA+website+book+online
interior designer,Camp Hill PA,interior designer Camp Hill PA website book online,https://www.google.com/search?q=interior+designer+Camp+Hill+PA+website+book+online
wedding photographer,Camp Hill PA,wedding photographer Camp Hill PA website book online,https://www.google.com/search?q=wedding+photographer+Camp+Hill+PA+website+book+online
wedding planner,Camp Hill PA,wedding planner Camp Hill PA website book online,https://www.google.com/search?q=wedding+planner+Camp+Hill+PA+website+book+online
boutique fitness studio,Camp Hill PA,boutique fitness studio Camp Hill PA website book online,https://www.google.com/search?q=boutique+fitness+studio+Camp+Hill+PA+website+book+online
chiropractor,Camp Hill PA,chiropractor Camp Hill PA website book online,https://www.google.com/search?q=chiropractor+Camp+Hill+PA+website+book+online
med spa,Mechanicsburg PA,med spa Mechanicsburg PA website book online,https://www.google.com/search?q=med+spa+Mechanicsburg+PA+website+book+online
esthetician,Mechanicsburg PA,esthetician Mechanicsburg PA website book online,https://www.google.com/search?q=esthetician+Mechanicsburg+PA+website+book+online
salon,Mechanicsburg PA,salon Mechanicsburg PA website book online,https://www.google.com/search?q=salon+Mechanicsburg+PA+website+book+online
day spa,Mechanicsburg PA,day spa Mechanicsburg PA website book online,https://www.google.com/search?q=day+spa+Mechanicsburg+PA+website+book+online
cosmetic dentist,Mechanicsburg PA,cosmetic dentist Mechanicsburg PA website book online,https://www.google.com/search?q=cosmetic+dentist+Mechanicsburg+PA+website+book+online
interior designer,Mechanicsburg PA,interior designer Mechanicsburg PA website book online,https://www.google.com/search?q=interior+designer+Mechanicsburg+PA+website+book+online
wedding photographer,Mechanicsburg PA,wedding photographer Mechanicsburg PA website book online,https://www.google.com/search?q=wedding+photographer+Mechanicsburg+PA+website+book+online
wedding planner,Mechanicsburg PA,wedding planner Mechanicsburg PA website book online,https://www.google.com/search?q=wedding+planner+Mechanicsburg+PA+website+book+online
boutique fitness studio,Mechanicsburg PA,boutique fitness studio Mechanicsburg PA website book online,https://www.google.com/search?q=boutique+fitness+studio+Mechanicsburg+PA+website+book+online
chiropractor,Mechanicsburg PA,chiropractor Mechanicsburg PA website book online,https://www.google.com/search?q=chiropractor+Mechanicsburg+PA+website+book+online
med spa,Lancaster PA,med spa Lancaster PA website book online,https://www.google.com/search?q=med+spa+Lancaster+PA+website+book+online
esthetician,Lancaster PA,esthetician Lancaster PA website book online,https://www.google.com/search?q=esthetician+Lancaster+PA+website+book+online
salon,Lancaster PA,salon Lancaster PA website book online,https://www.google.com/search?q=salon+Lancaster+PA+website+book+online
day spa,Lancaster PA,day spa Lancaster PA website book online,https://www.google.com/search?q=day+spa+Lancaster+PA+website+book+online
cosmetic dentist,Lancaster PA,cosmetic dentist Lancaster PA website book online,https://www.google.com/search?q=cosmetic+dentist+Lancaster+PA+website+book+online
interior designer,Lancaster PA,interior designer Lancaster PA website book online,https://www.google.com/search?q=interior+designer+Lancaster+PA+website+book+online
wedding photographer,Lancaster PA,wedding photographer Lancaster PA website book online,https://www.google.com/search?q=wedding+photographer+Lancaster+PA+website+book+online
wedding planner,Lancaster PA,wedding planner Lancaster PA website book online,https://www.google.com/search?q=wedding+planner+Lancaster+PA+website+book+online
boutique fitness studio,Lancaster PA,boutique fitness studio Lancaster PA website book online,https://www.google.com/search?q=boutique+fitness+studio+Lancaster+PA+website+book+online
chiropractor,Lancaster PA,chiropractor Lancaster PA website book online,https://www.google.com/search?q=chiropractor+Lancaster+PA+website+book+online
med spa,York PA,med spa York PA website book online,https://www.google.com/search?q=med+spa+York+PA+website+book+online
esthetician,York PA,esthetician York PA website book online,https://www.google.com/search?q=esthetician+York+PA+website+book+online
salon,York PA,salon York PA website book online,https://www.google.com/search?q=salon+York+PA+website+book+online
day spa,York PA,day spa York PA website book online,https://www.google.com/search?q=day+spa+York+PA+website+book+online
cosmetic dentist,York PA,cosmetic dentist York PA website book online,https://www.google.com/search?q=cosmetic+dentist+York+PA+website+book+online
interior designer,York PA,interior designer York PA website book online,https://www.google.com/search?q=interior+designer+York+PA+website+book+online
wedding photographer,York PA,wedding photographer York PA website book online,https://www.google.com/search?q=wedding+photographer+York+PA+website+book+online
wedding planner,York PA,wedding planner York PA website book online,https://www.google.com/search?q=wedding+planner+York+PA+website+book+online
boutique fitness studio,York PA,boutique fitness studio York PA website book online,https://www.google.com/search?q=boutique+fitness+studio+York+PA+website+book+online
chiropractor,York PA,chiropractor York PA website book online,https://www.google.com/search?q=chiropractor+York+PA+website+book+online
med spa,Lebanon PA,med spa Lebanon PA website book online,https://www.google.com/search?q=med+spa+Lebanon+PA+website+book+online
esthetician,Lebanon PA,esthetician Lebanon PA website book online,https://www.google.com/search?q=esthetician+Lebanon+PA+website+book+online
salon,Lebanon PA,salon Lebanon PA website book online,https://www.google.com/search?q=salon+Lebanon+PA+website+book+online
day spa,Lebanon PA,day spa Lebanon PA website book online,https://www.google.com/search?q=day+spa+Lebanon+PA+website+book+online
cosmetic dentist,Lebanon PA,cosmetic dentist Lebanon PA website book online,https://www.google.com/search?q=cosmetic+dentist+Lebanon+PA+website+book+online
interior designer,Lebanon PA,interior designer Lebanon PA website book online,https://www.google.com/search?q=interior+designer+Lebanon+PA+website+book+online
wedding photographer,Lebanon PA,wedding photographer Lebanon PA website book online,https://www.google.com/search?q=wedding+photographer+Lebanon+PA+website+book+online
wedding planner,Lebanon PA,wedding planner Lebanon PA website book online,https://www.google.com/search?q=wedding+planner+Lebanon+PA+website+book+online
boutique fitness studio,Lebanon PA,boutique fitness studio Lebanon PA website book online,https://www.google.com/search?q=boutique+fitness+studio+Lebanon+PA+website+book+online
chiropractor,Lebanon PA,chiropractor Lebanon PA website book online,https://www.google.com/search?q=chiropractor+Lebanon+PA+website+book+online
med spa,Carlisle PA,med spa Carlisle PA website book online,https://www.google.com/search?q=med+spa+Carlisle+PA+website+book+online
esthetician,Carlisle PA,esthetician Carlisle PA website book online,https://www.google.com/search?q=esthetician+Carlisle+PA+website+book+online
salon,Carlisle PA,salon Carlisle PA website book online,https://www.google.com/search?q=salon+Carlisle+PA+website+book+online
day spa,Carlisle PA,day spa Carlisle PA website book online,https://www.google.com/search?q=day+spa+Carlisle+PA+website+book+online
cosmetic dentist,Carlisle PA,cosmetic dentist Carlisle PA website book online,https://www.google.com/search?q=cosmetic+dentist+Carlisle+PA+website+book+online
interior designer,Carlisle PA,interior designer Carlisle PA website book online,https://www.google.com/search?q=interior+designer+Carlisle+PA+website+book+online
wedding photographer,Carlisle PA,wedding photographer Carlisle PA website book online,https://www.google.com/search?q=wedding+photographer+Carlisle+PA+website+book+online
wedding planner,Carlisle PA,wedding planner Carlisle PA website book online,https://www.google.com/search?q=wedding+planner+Carlisle+PA+website+book+online
boutique fitness studio,Carlisle PA,boutique fitness studio Carlisle PA website book online,https://www.google.com/search?q=boutique+fitness+studio+Carlisle+PA+website+book+online
chiropractor,Carlisle PA,chiropractor Carlisle PA website book online,https://www.google.com/search?q=chiropractor+Carlisle+PA+website+book+online
